data id_info,nation,region,name,operationTime,expense,infoTitle,infoContent,information,map_url,popurality,rating
1,Japan,Okinawa,추라우미 수족관(Okinawa Churaumi Aquarium),"월, 화, 수, 목, 금, 토, 일: 8:30 AM – 6:30 PM",,,,국제전화번호: +81 980-48-3748 홈페이지: https://churaumi.okinawa/,https://www.google.com/maps/place/?q=place_id:ChIJPZ5hUjH65DQR_p_dD3CmCOo,57344,4.6
2,Japan,Okinawa,슈리 성(Shuri Castle),"월, 화, 수, 목, 금, 토, 일: 8:00 AM – 8:30 PM",,,,국제전화번호: +81 98-886-2020 홈페이지: https://oki-park.jp/shurijo/,https://www.google.com/maps/place/?q=place_id:ChIJZ9v0bP5r5TQRi0-esrqficA,28236,4.2
3,Japan,Okinawa,아메리칸 빌리지(American Village),"월, 화, 수, 목, 금, 토, 일: 10:00 AM – 10:00 PM",,,, 홈페이지: http://www.okinawa-americanvillage.com/,https://www.google.com/maps/place/?q=place_id:ChIJzZoVCAUT5TQRzIueHYt83hs,18320,4.2
4,Japan,Okinawa,만좌모(Cape Manzamo),"월, 화, 수, 목, 금, 토, 일: 8:00 AM – 7:00 PM",,,,국제전화번호: +81 98-966-8080 홈페이지: https://www.manzamo.jp/,https://www.google.com/maps/place/?q=place_id:ChIJ-adBh3gD5TQRGFnnzG897N8,18264,4.2
5,Japan,Okinawa,세나가섬 우미카지테라스(Umikaji Terrace Senagajima),"월, 화, 수, 목, 금, 토, 일: 10:00 AM – 8:00 PM",,,,국제전화번호: +81 98-851-7446 홈페이지: https://www.umikajiterrace.com/,https://www.google.com/maps/place/?q=place_id:ChIJTXE7iR5o5TQRuIMt_jUINqU,16956,4.3
6,Japan,Okinawa,해양박람회 기념공원(Ocean Expo Park),"월, 화, 수, 목, 금, 토, 일: 8:00 AM – 6:00 PM",,,,국제전화번호: +81 980-48-2741 홈페이지: http://oki-park.jp/kaiyohaku/,https://www.google.com/maps/place/?q=place_id:ChIJja-5Bsv75DQRxL_IBwlgWZk,15542,4.5
7,Japan,Okinawa,오키나와월드(Okinawa World),"월, 화, 수, 목, 금, 토, 일: 9:00 AM – 5:30 PM",,,,국제전화번호: +81 98-949-7421 홈페이지: https://www.gyokusendo.co.jp/okinawaworld/?utm_source=google&utm_medium=maps,https://www.google.com/maps/place/?q=place_id:ChIJza_GaWlv5TQRy52qkW4L2P4,14900,4.2
8,Japan,Okinawa,나미노우에 신사(Naminoue Shrine),"월, 화, 수, 목, 금, 토, 일: 9:00 AM – 5:00 PM",,,,국제전화번호: +81 98-868-3697 홈페이지: http://naminouegu.jp/,https://www.google.com/maps/place/?q=place_id:ChIJdT8KUYVp5TQRrCRV4eFRanc,11017,4.4
9,Japan,Okinawa,나고파인애플 파크(Nago Pineapple Park),"월, 화, 수, 목, 금, 토, 일: 10:00 AM – 6:00 PM",,,,국제전화번호: +81 980-53-3659 홈페이지: http://www.nagopain.com/,https://www.google.com/maps/place/?q=place_id:ChIJpRkTRFL_5DQRaoYquVrISOQ,8595,3.8
10,Japan,Okinawa,온나노에키 나카유쿠이 이치바(Onna no Eki Nakayukui Market),"월, 화, 수, 목, 금, 토, 일: 10:00 AM – 7:00 PM",,,,국제전화번호: +81 98-964-1188 홈페이지: https://onnanoeki.com/,https://www.google.com/maps/place/?q=place_id:ChIJxRvW16Ya5TQRubB2b8hH3Cw,7501,4.2
11,Japan,Okinawa,류큐무라(Ryukyu Mura),"월, 화, 수, 목, 금, 토, 일: 9:30 AM – 5:00 PM",,,,국제전화번호: +81 98-965-1234 홈페이지: https://www.ryukyumura.co.jp/,https://www.google.com/maps/place/?q=place_id:ChIJMdJgznoQ5TQR7jfRwP4C0o0,6406,3.9
12,Japan,Okinawa,히메유리탑(Himeyuri Cenotaph),"월, 화, 수, 목, 금, 토, 일: 9:00 AM – 5:00 PM",,,,국제전화번호: +81 98-997-2100 홈페이지: http://www.himeyuri.or.jp/,https://www.google.com/maps/place/?q=place_id:ChIJjwcPX_pm5TQRziOnh5XGoOU,5588,4.4
13,Japan,Okinawa,데포 아일랜드(Depot Island),"월, 화, 수, 목, 금, 토, 일: 10:00 AM – 9:00 PM",,,,국제전화번호: +81 98-926-3322 홈페이지: http://www.depot-island.co.jp/,https://www.google.com/maps/place/?q=place_id:ChIJD_845w8T5TQR3PMr42X4pt4,5487,4.2
14,Japan,Okinawa,평화기념공원(Peace Memorial Park),"월, 화, 수, 목, 금, 토, 일: Open 24 hours",,,,국제전화번호: +81 98-997-2765 홈페이지: http://kouen.heiwa-irei-okinawa.jp/,https://www.google.com/maps/place/?q=place_id:ChIJaaiFx39m5TQR_3vrJCFiQS8,5276,4.4
15,Japan,Okinawa,가쓰렌 성터,"월, 화, 수, 목, 금, 토, 일: 오전 9:00 ~ 오후 6:00",,,,국제전화번호: +81 98-978-2033 홈페이지: http://www.katsuren-jo.jp/,https://www.google.com/maps/place/?q=place_id:ChIJmWkqdKYO5TQRviUZ4fY-ih4,4245,4.4
16,Japan,Okinawa,오키나와현립박물관•미술관 (오키뮤)(Okinawa Prefectural Museum & Art Museum),알 수 없음,,,,국제전화번호: +81 98-941-8200 홈페이지: http://okimu.jp/,https://www.google.com/maps/place/?q=place_id:ChIJ-xOPl9lr5TQRH8VoYFpeKl4,4145,4.3
17,Japan,Okinawa,코우리해변(Kouri Beach),알 수 없음,,,, ,https://www.google.com/maps/place/?q=place_id:ChIJM1dBT81Z5DQRQRlOgp6BQGk,4127,4.4
18,Japan,Okinawa,오키나와 어린이나라(Okinawa Zoo & Museum),"월, 수, 목, 금, 토, 일: 9:30 AM – 6:00 PM; 화: Closed",,,,국제전화번호: +81 98-933-4190 홈페이지: https://www.okzm.jp/,https://www.google.com/maps/place/?q=place_id:ChIJDaYAgHMS5TQRC-7ZO_2U5Is,3599,4.2
19,Japan,Okinawa,부세나 해중공원(Busena Marine Park),"월, 화, 수, 목, 금, 토, 일: 9:00 AM – 5:30 PM",,,,국제전화번호: +81 980-52-3379 홈페이지: http://www.busena-marinepark.com/,https://www.google.com/maps/place/?q=place_id:ChIJcTekltIB5TQRZBundTA3oqs,3283,4.3
20,Japan,Okinawa,강가라 계곡(Valley of Gangala),"월, 화, 수, 목, 금, 토, 일: 9:00 AM – 4:00 PM",,,,국제전화번호: +81 98-948-4192 홈페이지: https://gangala.com/?utm_source=googlemybusiness,https://www.google.com/maps/place/?q=place_id:ChIJmamfTmlv5TQR1kOHmcbH0Ao,3264,4.4
21,Japan,Okinawa,자키미 성터(Zakimi Castle Ruins),"월, 화, 수, 목, 금, 토, 일: Open 24 hours",,,,국제전화번호: +81 98-958-3141 홈페이지: https://bunka.nii.ac.jp/heritages/detail/173575,https://www.google.com/maps/place/?q=place_id:ChIJX6aakiAR5TQRCHgKEfmK5aY,3189,4.3
22,Japan,Okinawa,비오스 힐(Bios Hill),"월, 화, 수, 목, 금, 토, 일: 9:00 AM – 5:30 PM",,,,국제전화번호: +81 98-965-3400 홈페이지: http://www.bios-hill.co.jp/,https://www.google.com/maps/place/?q=place_id:ChIJ6QGtahAQ5TQRNzWbOSJf9P8,3092,4.2
23,Japan,Okinawa,Cape Zanpa Park,"월, 화, 수, 목, 금, 토, 일: Open 24 hours",,,,국제전화번호: +81 98-958-0038 ,https://www.google.com/maps/place/?q=place_id:ChIJUSLDljYX5TQRM24DBx7LkEs,3057,4.3
24,Japan,Okinawa,구 해군사령부호(Former Japanese Navy Underground Headquarters),"월, 화, 수, 목, 금, 토, 일: 9:00 AM – 5:00 PM",,,,국제전화번호: +81 98-850-4055 홈페이지: https://kaigungou.ocvb.or.jp/,https://www.google.com/maps/place/?q=place_id:ChIJH7BGhlRo5TQRRZh9kSu3Iwo,2963,4.3
25,Japan,Okinawa,이시가키 야이마무라(Ishigaki Yaima Village),"월, 화, 수, 목, 금, 토, 일: 9:00 AM – 5:30 PM",,,,국제전화번호: +81 980-82-8798 홈페이지: https://linktr.ee/yaimamura,https://www.google.com/maps/place/?q=place_id:ChIJE44wdCXeXzQRx4DksYFT3RI,2822,4.1
26,Japan,Okinawa,오키나와후르츠랜드(Okinawa Fruits Land),"월, 화, 수, 목, 금, 토, 일: 10:00 AM – 6:00 PM",,,,국제전화번호: +81 980-52-1568 홈페이지: http://www.okinawa-fruitsland.jp/,https://www.google.com/maps/place/?q=place_id:ChIJ__8_i1L_5DQR7Prcr2WtP8E,2806,3.5
27,Japan,Okinawa,나카구스쿠 성 유적,"월, 화, 수, 목, 금, 토, 일: 오전 8:30 ~ 오후 6:00",,,,국제전화번호: +81 98-935-5719 홈페이지: https://www.nakagusuku-jo.jp/,https://www.google.com/maps/place/?q=place_id:ChIJ1-RYMK8S5TQRMQACOAcMQrM,2670,4.4
28,Japan,Okinawa,Ginowan Seaside Park,"월, 수, 목, 금, 토, 일: 9:00 AM – 9:30 PM; 화: Closed",,,,국제전화번호: +81 98-897-2751 홈페이지: http://www.ginowankaihinkouen.jp/,https://www.google.com/maps/place/?q=place_id:ChIJbZ7fC7Bs5TQRt2QERuPyWC0,2654,4.2
29,Japan,Okinawa,Chura-Sun Beach,"월, 화, 수, 목, 금, 토, 일: 6:00 AM – 10:00 PM",,,,국제전화번호: +81 98-850-1139 홈페이지: http://churasun-beach.com/,https://www.google.com/maps/place/?q=place_id:ChIJnX4Qkgdo5TQRPoan5bsGpYg,2626,4.2
30,Japan,Okinawa,오노야마 공원(Onoyama Park),"월, 화, 수, 목, 금, 토, 일: Open 24 hours",,,,국제전화번호: +81 98-858-2700 홈페이지: http://www.ounoyama.jp/,https://www.google.com/maps/place/?q=place_id:ChIJq6rqhqNp5TQRL0Kvs0alP5o,2616,4.3
31,Japan,Okinawa,가데나휴게소 전망대(Michinoeki Kadena Observation Deck),"월, 화, 수, 목, 금, 토, 일: 8:30 AM – 10:00 PM",,,,국제전화번호: +81 98-957-5678 홈페이지: https://michinoeki-kadena.jp/,https://www.google.com/maps/place/?q=place_id:ChIJj1oZ4oQR5TQRhEosxEhG2Ec,2540,4
32,Japan,Okinawa,세소코 비치(Sesoko Beach),"월, 화, 수, 목, 금, 토, 일: 9:00 AM – 5:00 PM",,,,국제전화번호: +81 980-47-2368 홈페이지: http://www.sesokobeach.jp/,https://www.google.com/maps/place/?q=place_id:ChIJ5Q499Xz85DQRhEGIGZ8_MbA,2525,4.3
33,Japan,Okinawa,우라소에 대공원(Urasoe Park),"월, 화, 수, 목, 금, 토, 일: 7:00 AM – 9:00 PM",,,,국제전화번호: +81 98-873-0700 홈페이지: https://www.urasoedaipark-osi.jp/,https://www.google.com/maps/place/?q=place_id:ChIJzwFiZYBs5TQRfOoeh9o5BOY,2410,4.2
34,Japan,Okinawa,나하시 후쿠슈엔(Fukushūen Garden),"월, 화, 목, 금, 토, 일: 9:00 AM – 9:00 PM; 수: Closed",,,,국제전화번호: +81 98-943-6078 홈페이지: https://www.fksn-okinawa.jp/,https://www.google.com/maps/place/?q=place_id:ChIJVZMkWZtp5TQRid5LYJPR5JA,2354,4.3
35,Japan,Okinawa,Naminoue Beach,"월, 화, 수, 목, 금, 토, 일: 9:00 AM – 7:00 PM",,,,국제전화번호: +81 98-863-7300 홈페이지: http://www.naminouebeach.jp/,https://www.google.com/maps/place/?q=place_id:ChIJCW_zD5Bp5TQRngNNmTHsPVg,2342,4
36,Japan,Okinawa,카호절벽(해피클리프)(Kafu Banta),"월, 화, 수, 목, 금, 토, 일: 9:00 AM – 5:30 PM",,,,국제전화번호: +81 98-923-0390 홈페이지: https://www.nuchima-su.co.jp/,https://www.google.com/maps/place/?q=place_id:ChIJ45Ky6--n5TQRixQMqWXGxJ8,2296,4.6
37,Japan,Okinawa,시키나엔(Shikina-en Royal Gardens 識名園),"월, 화, 목, 금, 토, 일: 9:00 AM – 5:30 PM; 수: Closed",,,,국제전화번호: +81 98-855-5936 홈페이지: https://www.city.naha.okinawa.jp/kankou/bunkazai/shikinaen.html,https://www.google.com/maps/place/?q=place_id:ChIJRQGZpE9p5TQRa-VQ3Cbop5U,2010,4.2
38,Japan,Okinawa,체험왕국 무라사키무라(Murasaki Mura),"월, 화, 수, 목, 금, 토, 일: 9:00 AM – 5:30 PM, 6:30 – 10:00 PM",,,,국제전화번호: +81 98-958-1111 홈페이지: https://www.murasakimura.com/,https://www.google.com/maps/place/?q=place_id:ChIJl1d0-80W5TQRBkOFglI7C20,1964,3.9
39,Japan,Okinawa,Araha Park,"월, 화, 수, 목, 금, 토, 일: 7:00 AM – 10:00 PM",,,,국제전화번호: +81 98-936-0077 홈페이지: http://ccdc.jp/facility/free-park-facilities/neighbors-parks/araha-park/,https://www.google.com/maps/place/?q=place_id:ChIJHX52eCIT5TQRsh2qfP7jcxI,1919,4.4
40,Japan,Okinawa,Futenma-Gu (Futenma Shrine),"월, 화, 수, 목, 금, 토, 일: 9:30 AM – 6:00 PM",,,,국제전화번호: +81 98-892-3344 홈페이지: http://futenmagu.or.jp/,https://www.google.com/maps/place/?q=place_id:ChIJAQCwrsQS5TQRl-Y2ZfpRgbM,1839,4.4
41,Japan,Okinawa,Okinawa Comprehensive Athletic Park,"월, 수, 목, 금, 토, 일: 9:00 AM – 9:00 PM; 화: Closed",,,,국제전화번호: +81 98-932-5114 홈페이지: http://okinawa-kenso.com/,https://www.google.com/maps/place/?q=place_id:ChIJnej2bZsN5TQRy9CNIpyrxHY,1822,4.3
42,Japan,Okinawa,오리온 해피 파크(Orion Happy Park),"월, 화, 금, 토, 일: 10:00 AM – 5:00 PM; 수, 목: Closed",,,, 홈페이지: https://www.orionbeer.co.jp/happypark/,https://www.google.com/maps/place/?q=place_id:ChIJCc1c2JFV5DQRR5LUmCUC5js,1754,4.4
43,Japan,Okinawa,부세나 해중공원 해중전망탑(Busena Marine Park Underwater Observatory),"월, 화, 수, 목, 금, 토, 일: 9:00 AM – 5:00 PM",,,,국제전화번호: +81 980-52-3379 홈페이지: https://www.busena-marinepark.com/,https://www.google.com/maps/place/?q=place_id:ChIJ3cBIE9IB5TQRmZTAjm98-F8,1749,4.3
44,Japan,Okinawa,라운드1(Round 1 Stadium Okinawa Ginowan),"월, 화, 수, 목, 금: 12:00 – 6:00 AM, 10:00 AM – 12:00 AM; 토, 일: Open 24 hours",,,,국제전화번호: +81 98-870-2110 홈페이지: http://www.round1.co.jp/shop/tenpo/okinawa-ginowan.html,https://www.google.com/maps/place/?q=place_id:ChIJ-fuUvKNs5TQRo2YdJ6EwPsM,1724,4.2
45,Japan,Okinawa,Tropical Beach,알 수 없음,,,,국제전화번호: +81 98-897-2751 홈페이지: http://www.ginowankaihinkouen.jp/information/,https://www.google.com/maps/place/?q=place_id:ChIJX2eHb6Vs5TQRXXOrUXrg75A,1622,4.3
46,Japan,Okinawa,이케이 해변(Ikei Beach),"월, 화, 금, 토, 일: 10:00 AM – 4:00 PM; 수, 목: Closed",,,,국제전화번호: +81 98-977-8464 홈페이지: http://www.ikei-beach.com/,https://www.google.com/maps/place/?q=place_id:ChIJVfbEKReo5TQRjF6949H7Odg,1557,3.8
47,Japan,Okinawa,Kokuei Okinawakinenkoen Emerald Beach,알 수 없음,,,, 홈페이지: http://oki-park.jp/jp/inst/eme.html,https://www.google.com/maps/place/?q=place_id:ChIJk4Fw-Dn65DQRkdNLoaBpJLI,1556,4.4
48,Japan,Okinawa,오키나와 평화기념공원(Okinawa Prefectural Peace Memorial Museum),"월, 화, 수, 목, 금, 토, 일: 9:00 AM – 5:00 PM",,,,국제전화번호: +81 98-997-3844 홈페이지: http://www.peace-museum.okinawa.jp/,https://www.google.com/maps/place/?q=place_id:ChIJObFNuNVl5TQR9XG3-qReD9w,1509,4.4
49,Japan,Okinawa,타마우둔(옥릉),"월, 화, 수, 목, 금, 토, 일: 오전 9:00 ~ 오후 6:00",,,,국제전화번호: +81 98-885-2861 홈페이지: https://oki-park.jp/shurijo/shuri-aruki/siseki/2014/03/post-72.html,https://www.google.com/maps/place/?q=place_id:ChIJLZXjOP1r5TQRTvnj1SMSPTs,1447,4.1
50,Japan,Okinawa,미바루 해변(Mibaru Beach),"월, 화, 수, 목, 금, 토, 일: 9:00 AM – 4:00 PM",,,,국제전화번호: +81 98-948-1103 홈페이지: http://www.mi-baru.com/,https://www.google.com/maps/place/?q=place_id:ChIJVXBnnepv5TQRdDAwNwK8kVg,1337,4.1
51,Japan,Okinawa,오키나와시 코자 운동공원(Koza Sports Park),"월, 화, 수, 목, 금, 토, 일: 9:00 AM – 10:00 PM",,,,국제전화번호: +81 98-932-0777 홈페이지: https://www.kozapa-osi.jp/,https://www.google.com/maps/place/?q=place_id:ChIJu7qZLEAS5TQR8GP3f7Smkog,1329,4.1
52,Japan,Okinawa,Cave Okinawa,"월, 화, 수, 목, 금, 토, 일: 9:00 AM – 5:30 PM",,,,국제전화번호: +81 98-964-4888 홈페이지: https://www.cave.okinawa/,https://www.google.com/maps/place/?q=place_id:ChIJO1YBaAIQ5TQRyXeoNvlEPIY,1205,4.3
53,Japan,Okinawa,네오파크 오키나와 나고자연동식물공원(Neo Park),"월, 화, 수, 목, 금, 토, 일: 9:30 AM – 5:30 PM",,,,국제전화번호: +81 980-52-6348 홈페이지: https://www.neopark.co.jp/,https://www.google.com/maps/place/?q=place_id:ChIJo8BkleNV5DQRa3WYOHIL35g,1164,4.2
54,Japan,Okinawa,츠라야시 파크 오키나와 - 동남식물낙원(Southeast Botanical Gardens),"월, 화, 수, 목, 금: 9:30 AM – 6:00 PM; 토: 7:00 AM – 6:00 PM; 일: Closed",,,,국제전화번호: +81 98-939-2555 홈페이지: http://www.southeast-botanical.jp/,https://www.google.com/maps/place/?q=place_id:ChIJ12iS29gR5TQRCznHnqmdqpc,1155,4.2
55,Japan,Okinawa,나카구스쿠 공원(Nakagusuku Park),"월, 화, 수, 목, 금, 토, 일: Open 24 hours",,,,국제전화번호: +81 98-935-2666 홈페이지: https://www.nakagusukupark-osi.jp/,https://www.google.com/maps/place/?q=place_id:ChIJ_-zvkrkS5TQR0u6iOBotx-k,1152,4.6
56,Japan,Okinawa,오키나와 전적 국립공원(Cornerstone of Peace),"월, 화, 수, 목, 금, 토, 일: 8:00 AM – 10:00 PM",,,,국제전화번호: +81 98-997-3738 홈페이지: https://itoman-okinawa.com/heiwanoishiji/,https://www.google.com/maps/place/?q=place_id:ChIJWYvJ99Vl5TQRBKsddSFXMwE,1093,4.5
57,Japan,Okinawa,우에노도이쓰분카무라(Ueno German Culture Village),"월, 수, 금, 토, 일: 9:30 AM – 5:30 PM; 화, 목: Closed",,,,국제전화번호: +81 980-76-3771 홈페이지: http://www.hakuaiueno.com/,https://www.google.com/maps/place/?q=place_id:ChIJ6WIDThZW9DQRzJG87shBhPI,1067,3.5
58,Japan,Okinawa,류큐팔사 오키노궁(Okino-gû Shrine),"월, 화, 수, 목, 금, 토, 일: Open 24 hours",,,,국제전화번호: +81 98-857-3293 홈페이지: http://okinogu.or.jp/,https://www.google.com/maps/place/?q=place_id:ChIJy_-At6Zp5TQRoLmQmbFRWWA,1028,4.4
59,Japan,Okinawa,Street Kart Okinawa,"월, 화, 수, 목, 금, 토, 일: 9:00 AM – 10:00 PM",,,,국제전화번호: +81 90-8888-4747 홈페이지: http://kart.st/okinawa,https://www.google.com/maps/place/?q=place_id:ChIJDx36aplp5TQRTmsTFZ6Jli8,1018,4.9
60,Japan,Okinawa,온나촌 해변공원 나비비치(Nabee Beach),"월, 화, 수, 목, 금, 토, 일: 9:00 AM – 6:00 PM",,,,국제전화번호: +81 98-966-8839 홈페이지: https://www.nabee.info/,https://www.google.com/maps/place/?q=place_id:ChIJMzANHYQD5TQRIjYI-PA9V90,979,4.3
61,Japan,Okinawa,카카즈고대 공원(Kakazutakadai Park),"월, 화, 수, 목, 금, 토, 일: Open 24 hours",,,,국제전화번호: +81 98-897-2751 홈페이지: https://www.city.ginowan.lg.jp/sightseeing/tourist_attractions/7130.html,https://www.google.com/maps/place/?q=place_id:ChIJUbIms49s5TQRuSbolbKxE_E,970,4.1
62,Japan,Okinawa,Oodomari Beach,"월, 화, 수, 목, 금, 토, 일: 9:00 AM – 6:00 PM",,,,국제전화번호: +81 98-977-8027 홈페이지: http://www.oodomari.com/,https://www.google.com/maps/place/?q=place_id:ChIJvwsLdT2o5TQRs2XjFyxfGP4,936,4.1
63,Japan,Okinawa,오키나와현 호국신사(Gokoku Shrine),"월, 화, 수, 목, 금, 토, 일: 9:30 – 11:45 AM, 1:00 – 4:00 PM",,,,국제전화번호: +81 98-857-2798 홈페이지: http://www.okinawa-gokoku.jp/,https://www.google.com/maps/place/?q=place_id:ChIJvw9SsaZp5TQRNA7caTQymAI,841,4.3
64,Japan,Okinawa,Nishihara Kira Kira Beach,"월, 화, 수, 목, 금, 토, 일: 9:00 AM – 6:00 PM",,,,국제전화번호: +81 98-944-5589 홈페이지: http://マリンパーク.com/,https://www.google.com/maps/place/?q=place_id:ChIJ__-_u81t5TQR5Zi6eaB3mAE,833,4.1
65,Japan,Okinawa,Itoman Bibi Beach,"월, 수, 목, 금, 토, 일: 8:30 AM – 6:30 PM; 화: Closed",,,,국제전화번호: +81 98-840-3451 홈페이지: http://bibibeachitoman.com/,https://www.google.com/maps/place/?q=place_id:ChIJT9Q9RpJn5TQRO7ayOkK3rCs,781,4.1
66,Japan,Okinawa,Shikuwasa Park,"월, 화, 수, 목, 금: 10:00 AM – 5:30 PM; 토, 일: 10:00 AM – 6:00 PM",,,,국제전화번호: +81 980-50-5850 홈페이지: https://www.shikuwasa-park.com/#information,https://www.google.com/maps/place/?q=place_id:ChIJ4dXXvJZQ5DQRVzlmeAIvnlk,769,4.1
67,Japan,Okinawa,아라하 비치(Araha Beach),"월, 화, 수, 목, 금, 토, 일: 9:00 AM – 5:30 PM",,,,국제전화번호: +81 98-926-2680 홈페이지: https://www.okinawastory.jp/spot/600006207,https://www.google.com/maps/place/?q=place_id:ChIJJdFU6tsT5TQRFtGMxK9GlzU,752,4.5
68,Japan,Okinawa,Toguchi Beach,"월, 화, 수, 목, 금, 토, 일: 9:00 AM – 5:00 PM",,,,국제전화번호: +81 98-982-8877 홈페이지: http://www.yomitan-kankou.jp/detail.jsp?id=74972&menuid=11951&funcid=3,https://www.google.com/maps/place/?q=place_id:ChIJW0H1ZuMT5TQR8AgxVEpcOLE,691,4.4
69,Japan,Okinawa,Sunabe Baba Park,"월, 화, 수, 목, 금, 토, 일: Open 24 hours",,,,국제전화번호: +81 98-936-0077 홈페이지: http://ccdc.jp/facility/free-park-facilities/neighbors-parks/sunabebaba-park/,https://www.google.com/maps/place/?q=place_id:ChIJk39rqJgT5TQRF92y2u4oUq0,679,4.2
70,Japan,Okinawa,Azama Sun Sun Beach,알 수 없음,,,,국제전화번호: +81 98-948-3521 홈페이지: http://www.kankou-nanjo.okinawa/tokusyu/view/azama,https://www.google.com/maps/place/?q=place_id:ChIJTw81vvRx5TQRe_2HHTy3oac,676,4.1
71,Japan,Okinawa,Minna Island Beach,"월, 화, 수, 목, 금, 토, 일: 9:00 AM – 5:00 PM",,,,국제전화번호: +81 980-47-5572 홈페이지: http://www.minna-beach.com/,https://www.google.com/maps/place/?q=place_id:ChIJzdPMM7b85DQRarK9VzTlD7Y,671,4.6
72,Japan,Okinawa,게라마 제도 국립공원(Keramashoto National Park),"월, 화, 수, 목, 금, 토, 일: Open 24 hours",,,,국제전화번호: +81 98-836-6400 홈페이지: https://www.env.go.jp/park/kerama/,https://www.google.com/maps/place/?q=place_id:ChIJKdyhuThT5TQRCUo_opr74Xk,613,4.7
73,Japan,Okinawa,이에섬 닷츄(Iejima Tatchu (Gusukuyama)),"월, 화, 수, 목, 금, 토, 일: Open 24 hours",,,,국제전화번호: +81 980-49-2001 홈페이지: https://www.iejima.org/document/2015011000046/,https://www.google.com/maps/place/?q=place_id:ChIJkVt9Dy3l5DQRqrcMbqqe4q8,611,4.6
74,Japan,Okinawa,Zanpa Beach,알 수 없음,,,,국제전화번호: +81 98-958-3833 홈페이지: http://www.vill.yomitan.okinawa.jp/facilities/post-37.html,https://www.google.com/maps/place/?q=place_id:ChIJha6AUTYX5TQR2zvSUuQC4n0,595,4.2
75,Japan,Okinawa,히메유리 평화기념자료관(Himeyuri Peace Museum),"월, 화, 수, 목, 금, 토, 일: 9:00 AM – 5:25 PM",,,,국제전화번호: +81 98-997-2100 홈페이지: https://www.himeyuri.or.jp/,https://www.google.com/maps/place/?q=place_id:ChIJDS0OX_pm5TQR0WiYNJSinFM,578,4.5
76,Japan,Okinawa,해양문화관・플라네타리움(Oceanic Culture Museum Planetarium),"월, 화, 수, 목, 금, 토, 일: 8:30 AM – 5:30 PM",,,,국제전화번호: +81 980-48-2741 홈페이지: http://oki-park.jp/kaiyohaku/inst/35,https://www.google.com/maps/place/?q=place_id:ChIJw1RLYjP65DQR4FNUkPJSrxk,561,4.5
77,Japan,Okinawa,Dragon Palace,"월, 화, 수, 목, 금, 토, 일: 10:00 AM – 11:59 PM",,,,국제전화번호: +81 90-6867-8505 홈페이지: https://okinawa-chatan.com/doragomparesu/,https://www.google.com/maps/place/?q=place_id:ChIJ_W8XoQUT5TQRG8vPiBMM9fA,530,3.7
78,Japan,Okinawa,구스쿠로드공원(Gusuku Road Park),"월, 화, 수, 목, 금, 토, 일: Open 24 hours",,,,국제전화번호: +81 98-949-7911 홈페이지: http://www.kankou-nanjo.okinawa/enjoy/details/165,https://www.google.com/maps/place/?q=place_id:ChIJt9idiKRv5TQRb3Tw_0oAhh0,519,4.4
79,Japan,Okinawa,만자 비치(Manza Beach),"월, 화, 수, 목, 금, 토, 일: 9:00 AM – 5:00 PM",,,, ,https://www.google.com/maps/place/?q=place_id:ChIJMQl2ApsD5TQRGnvRSn_6EQo,490,4.4
80,Japan,Okinawa,나카무라가 주택(Nakamura Residence),"월, 화, 금, 토, 일: 9:00 AM – 5:00 PM; 수, 목: Closed",,,,국제전화번호: +81 98-935-3500 홈페이지: https://www.nakamurahouse.jp/,https://www.google.com/maps/place/?q=place_id:ChIJvabRiqIS5TQRNfbs4vnZT5c,482,4.2
81,Japan,Okinawa,이리오모테이시가키 국립공원(Iriomote Ishigaki National Park),"월, 화, 수, 목, 금, 토, 일: Open 24 hours",,,,국제전화번호: +81 980-84-7130 홈페이지: http://www.env.go.jp/park/iriomote/access/index.html,https://www.google.com/maps/place/?q=place_id:ChIJT47yF5B-YDQRfl0RvLwcU20,477,4.5
82,Japan,Okinawa,Hamahiga beach,알 수 없음,,,, 홈페이지: http://www.okinawainfo.net/hamahiga/hamahiga-umi.htm,https://www.google.com/maps/place/?q=place_id:ChIJ5QYx5b0J5TQRPdxSJVVWwjo,474,4.3
83,Japan,Okinawa,Urasoe Culture Park,"월, 화, 수, 목, 금, 토, 일: 8:30~23:00",,,,국제전화번호: +81988761234,https://maps.app.goo.gl/qCmWUZMJhErqbyrj8,684,3.9
84,Japan,Okinawa,자네비치(Zanee Beach),알 수 없음,,,, 홈페이지: https://okinawa-onna.com/janehama/,https://www.google.com/maps/place/?q=place_id:ChIJ47a07n8Q5TQREzhgEJ0mx68,442,4.6
85,Japan,Okinawa,Ōdo Beach,알 수 없음,,,,국제전화번호: +81 98-840-8111 홈페이지: http://www.city.itoman.lg.jp/,https://www.google.com/maps/place/?q=place_id:ChIJwwerY45m5TQRNQLU0QKru78,435,4.3
86,Japan,Okinawa,야에시마공원(Yaeshima Park),"월, 화, 수, 목, 금, 토, 일: Open 24 hours",,,,국제전화번호: +81 98-939-0022 홈페이지: https://okinawashiminkaikan.com/facility_info/yaeshima_park/,https://www.google.com/maps/place/?q=place_id:ChIJtzFgaQQS5TQR_YBDvJm_Lqg,431,4
87,Japan,Okinawa,나하시립 쓰보야 도자기박물관(Naha Municipal Tsuboya pottery Museum),"Monday: Closed; 화, 수, 목, 금, 토, 일: 10:00 AM – 6:00 PM",,,,국제전화번호: +81 98-862-3761 홈페이지: http://www.edu.city.naha.okinawa.jp/tsuboya/,https://www.google.com/maps/place/?q=place_id:ChIJCR6kDnBp5TQRRuO-iVajEMI,402,4
88,Japan,Okinawa,Torii Beach,"월, 화, 수, 목, 금, 토, 일: 8:00 AM – 6:00 PM",,,,국제전화번호: +81 98-970-5555 홈페이지: https://torii.armymwr.com/programs/torii-beach,https://www.google.com/maps/place/?q=place_id:ChIJTVSsPVER5TQR0hAGQejLCPI,401,4.4
89,Japan,Okinawa,Tobaru Park,"월, 화, 수, 목, 금, 토, 일: 8:30 AM – 10:00 PM",,,,국제전화번호: +81 98-836-0077 홈페이지: https://ccdc.jp/facility/free-park-facilities/neighbors-parks/toubaru-park/,https://www.google.com/maps/place/?q=place_id:ChIJDZO6wlkS5TQR3Z6ikEVyavc,392,4.3
90,Japan,Okinawa,미야기 해안(Miyagi Coast),"월, 화, 수, 목, 금, 토, 일: Open 24 hours",,,, 홈페이지: http://www.tabirai.net/s/sightseeing/column/0004285.aspx,https://www.google.com/maps/place/?q=place_id:ChIJExdp5J8T5TQRYspPGKIQ8u0,385,4.5
91,Japan,Okinawa,Izumo Shrine Okinawabunsha,"월, 화, 수, 목, 금, 토, 일: 9:00 AM – 5:00 PM",,,,국제전화번호: +81 98-885-0346 ,https://www.google.com/maps/place/?q=place_id:ChIJ_Wi85udr5TQROUgMTg20_pc,378,4.3
92,Japan,Okinawa,Panza Okinawa Zipline,"월, 화, 수, 목, 금, 토, 일: 9:00 AM – 12:00 PM, 2:00 – 5:00 PM",,,, 홈페이지: https://panza.co.jp/okinawa/,https://www.google.com/maps/place/?q=place_id:ChIJhe7-fEEF5TQRAg6Pi6kg_Og,374,4.4
93,Japan,Okinawa,Wakanatsu Park,"월, 화, 수, 목, 금, 토, 일: Open 24 hours",,,,국제전화번호: +81 98-939-1212 ,https://www.google.com/maps/place/?q=place_id:ChIJSy8J8wkO5TQR8Vjn53RBweE,369,4.3
94,Japan,Okinawa,류큐팔사 시키나궁(Shikina Shrine),"월, 화, 수, 목, 금, 토, 일: 8:00 AM – 6:00 PM",,,,국제전화번호: +81 98-853-7225 홈페이지: http://sikinagu.com/,https://www.google.com/maps/place/?q=place_id:ChIJbXv8g1Bp5TQR3BSIAchZlfU,361,4.3
95,Japan,Okinawa,Okinawa Naritazan Fukusen Temple,"월, 화, 수, 금, 토, 일: 8:30 AM – 5:00 PM; 목: Closed",,,,국제전화번호: +81 98-895-2076 홈페이지: https://okinawa-naritasan.jp/,https://www.google.com/maps/place/?q=place_id:ChIJg7udIrAS5TQROtZNgxQ6b0U,356,4.1
96,Japan,Okinawa,대마환기념관(Tsushima-maru Memorial Museum),"월, 화, 수, 금, 토, 일: 9:00 AM – 5:00 PM; 목: Closed",,,,국제전화번호: +81 98-941-3515 홈페이지: http://tsushimamaru.or.jp/,https://www.google.com/maps/place/?q=place_id:ChIJEfTLyZpp5TQR-ZEHzbGdID0,345,4.3
97,Japan,Okinawa,Forest Adventure,"월, 화, 수, 목, 금, 토, 일: 8:00 AM – 5:00 PM",,,,국제전화번호: +81 90-4739-9140 홈페이지: http://fa-onna.foret-aventure.jp/,https://www.google.com/maps/place/?q=place_id:ChIJvUqZjIgQ5TQR6DlOKjrOCzg,342,4.6
98,Japan,Okinawa,Tomarigusuku Park,알 수 없음,,,,국제전화번호: +81 98-982-8877 ,https://www.google.com/maps/place/?q=place_id:ChIJ5Z4hQOQT5TQR_uzjIZg9s-U,323,4.2
99,Japan,Okinawa,용담(Ryutan),"월, 화, 수, 목, 금, 토, 일: Open 24 hours",,,,국제전화번호: +81 98-864-1111 홈페이지: http://oki-park.jp/shurijo/guide/58,https://www.google.com/maps/place/?q=place_id:ChIJtaepQfxr5TQRGRhuIJrhs5Q,319,4.2
100,Japan,Okinawa,Sea Culture Museum,"Monday: Closed; 화, 수, 목, 금, 토, 일: 9:00 AM – 4:30 PM",,,,국제전화번호: +81 98-978-8831 홈페이지: https://umibun.ti-da.net/,https://www.google.com/maps/place/?q=place_id:ChIJpWnvxAwJ5TQRug37MmrW9rw,314,3.9
101,Japan,Okinawa,만코 물새・습지센터(Manko Waterbird and Wetland Center),"Monday: Closed; 화, 수, 목, 금, 토, 일: 9:00 AM – 5:00 PM",,,,국제전화번호: +81 98-840-5121 홈페이지: http://www.manko-mizudori.net/,https://www.google.com/maps/place/?q=place_id:ChIJY84wegdp5TQRfUNvlEbzNV8,311,4.3
102,Japan,Okinawa,류큐팔사 아메쿠궁(Ameku-gū),"월, 화, 수, 목, 금, 토, 일: 10:00 AM – 4:00 PM",,,,국제전화번호: +81 98-863-3405 홈페이지: https://amekugu.jimdosite.com/,https://www.google.com/maps/place/?q=place_id:ChIJq6qVFdVr5TQR9rKjt4zzRJw,307,4.1
103,Japan,Okinawa,Okinawa History and Folklore Museum,"월, 화, 수, 목, 금, 토, 일: 9:00 AM – 6:00 PM",,,,국제전화번호: +81 980-54-8515 홈페이지: http://www.okashigoten.co.jp/museum/,https://www.google.com/maps/place/?q=place_id:ChIJZ1oaMrn45DQRVVRXJEtaN3I,299,3.9
104,Japan,Okinawa,Ta-taki Waterfall,"월, 화, 수, 목, 금, 토, 일: 8:00 AM – 4:00 PM",,,,국제전화번호: +81 980-50-5707 홈페이지: http://ta-taki-falls.com/about/,https://www.google.com/maps/place/?q=place_id:ChIJ3VYiXpNQ5DQRfVyctXo017U,290,4.6
105,Japan,Okinawa,Hyakuna Beach,알 수 없음,,,, ,https://www.google.com/maps/place/?q=place_id:ChIJZy2v4sRv5TQRwcde9KyqXzs,283,4.2
106,Japan,Okinawa,미야코지마시 종합박물관(Miyakojima City Museum),"Monday: Closed; 화, 수, 목, 금, 토, 일: 9:00 AM – 4:30 PM",,,,국제전화번호: +81 980-73-0567 홈페이지: http://www.city.miyakojima.lg.jp/soshiki/kyouiku/syougaigakusyu/hakubutsukan/,https://www.google.com/maps/place/?q=place_id:ChIJq2io2k5R9DQR6OCuBN7N5PM,282,4.1
107,Japan,Okinawa,Awase Bijuru,"월, 화, 수, 목, 금, 토, 일: 10:00 AM – 6:00 PM",,,,국제전화번호: +81 98-939-4501 홈페이지: http://www.city.okinawa.okinawa.jp/about/1138/1206#01,https://www.google.com/maps/place/?q=place_id:ChIJ91xser8N5TQReHJJycP9H_c,274,4.4
108,Japan,Okinawa,Sango Batake,"월, 화, 목, 금, 토, 일: 1:00 – 6:00 PM; 수: Closed",,,,국제전화번호: +81 98-982-9988 홈페이지: https://seaseed.com/coral-farm,https://www.google.com/maps/place/?q=place_id:ChIJNzc1NNAW5TQRN01WAG-Dfwk,274,4.5
109,Japan,Okinawa,Chatan Park,"월, 화, 수, 목, 금, 토, 일: Open 24 hours",,,,국제전화번호: +81 98-936-0077 홈페이지: http://www.chatan.jp/shisetsu/koen_yoka/chatankoen.html,https://www.google.com/maps/place/?q=place_id:ChIJzyHb-RoT5TQRvy1UqM7DgK0,268,4
110,Japan,Okinawa,류큐팔사 스에요시궁(Sueyoshigu),"월, 화, 수, 목, 금, 토, 일: 1:00 – 4:00 PM",,,,국제전화번호: +81 98-868-3697 홈페이지: http://jinjacho.naminouegu.jp/sueyoshi.html,https://www.google.com/maps/place/?q=place_id:ChIJSxu_zvFr5TQR9Nnp5PXGeFE,266,4.4
111,Japan,Okinawa,Ishigaki Shiritsu Yaeyama Museum,"Monday: Closed; 화, 수, 목, 금, 토, 일: 9:00 AM – 5:00 PM",,,,국제전화번호: +81 980-82-4712 홈페이지: https://www.city.ishigaki.okinawa.jp/kurashi_gyosei/kanko_bunka_sport/hakubutsukan/index.html,https://www.google.com/maps/place/?q=place_id:ChIJhe0bG64KYDQRIMr95QWPEQs,262,3.8
112,Japan,Okinawa,류큐팔사 아사토하치만궁(Asato Hachiman Shrine),"월, 화, 수, 금, 토, 일: 10:00 AM – 3:00 PM; 목: Closed",,,,국제전화번호: +81 98-863-8716 홈페이지: http://asatohachimangu.net/,https://www.google.com/maps/place/?q=place_id:ChIJp2PsUGJp5TQR9Qxph91hvcQ,260,4
113,Japan,Okinawa,히지 폭포(Hiji Falls Gateway Entrance (Yambaru National Park)),"월, 화, 수, 목, 금, 토, 일: 9:00 AM – 3:00 PM",,,,국제전화번호: +81 980-41-3636 홈페이지: http://hiji.yuiyui-k.jp/,https://www.google.com/maps/place/?q=place_id:ChIJ69vWqWRD5DQRPqpK6bFFPys,259,4.4
114,Japan,Okinawa,Uken Beach,"월, 화, 수, 목, 금, 토, 일: 9:00 AM – 6:00 PM",,,,국제전화번호: +81 98-952-0014 홈페이지: https://ukenbeach.com/,https://www.google.com/maps/place/?q=place_id:ChIJq6r6cj4P5TQRDiyAYMtgImI,254,3.8
115,Japan,Okinawa,Okinawa Prefectural People's Forest,알 수 없음,,,,국제전화번호: +81 98-967-8092 홈페이지: https://www.kenminnomori-obsi.jp/,https://www.google.com/maps/place/?q=place_id:ChIJYxNVDGwB5TQRaSneb8rRVDc,250,4.1
116,Japan,Okinawa,핵소 고지(Hacksaw Ridge),"월, 화, 수, 목, 금, 토, 일: 9:00 AM – 6:00 PM",,,,국제전화번호: +81 98-876-1234 ,https://www.google.com/maps/place/?q=place_id:ChIJHWSdgnxs5TQRgDco3BoAEBA,247,4.5
117,Japan,Okinawa,Manta Park,"월, 화, 수, 목, 금, 토, 일: Open 24 hours",,,,국제전화번호: +81 98-939-1212 홈페이지: https://www.city.okinawa.okinawa.jp/k037-003/chiikikankyou/kouen/kinrinkouen/3664.html,https://www.google.com/maps/place/?q=place_id:ChIJ9Rupo9wN5TQRu3g4he4EU-M,245,3.8
118,Japan,Okinawa,Mission Beach,"월, 화, 수, 목, 금, 토, 일: 9:00 AM – 5:00 PM",,,,국제전화번호: +81 98-967-8802 홈페이지: https://tryclub-okinawa.com/,https://www.google.com/maps/place/?q=place_id:ChIJSb4mInYB5TQRhJ1Xzj_Nhcs,242,4.3
119,Japan,Okinawa,얀바루 국립공원(Yanbaru National Park),"월, 화, 수, 목, 금, 토: 8:30 AM – 5:15 PM; 일: Closed",,,,국제전화번호: +81 98-836-6400 홈페이지: https://www.env.go.jp/en/nature/nps/park/yambaru/index.html,https://www.google.com/maps/place/?q=place_id:ChIJr9YEe9lD5DQRE6wG8EeV8qU,230,4.4
120,Japan,Okinawa,오키나와 차탄 선셋비치(Chatan Park Sunset Beach),"월, 화, 수, 목, 금, 토, 일: 7:30 AM – 10:00 PM",,,,국제전화번호: +81 98-936-8273 홈페이지: http://www.uminikansya.com/,https://www.google.com/maps/place/?q=place_id:ChIJwUey0A8T5TQRsIdoj2JV2Sk,229,4.2
121,Japan,Okinawa,Tonnaha Beach,"월, 화, 수, 목, 금, 토, 일: 8:00 AM – 6:00 PM",,,,국제전화번호: +81 98-977-8277 홈페이지: http://tonnahabeach.com/,https://www.google.com/maps/place/?q=place_id:ChIJx-UYFwGo5TQRJkuUGE2uGM4,212,4.2
122,Japan,Okinawa,사키마 미술관(Sakima Art Museum),"월, 수, 목, 금, 토, 일: 9:30 AM – 5:00 PM; 화: Closed",,,,국제전화번호: +81 98-893-5737 홈페이지: http://sakima.jp/,https://www.google.com/maps/place/?q=place_id:ChIJsx1FOy1t5TQR4e61ElWMGSA,206,4.3
123,Japan,Okinawa,치비치리 가마(Chibi Chirigama),"월, 화, 수, 목, 금, 토, 일: Open 24 hours",,,,국제전화번호: +81 98-958-3141 홈페이지: https://yomitan-sonsi.jp/sonsi/senseki/map/guide/guide07.html,https://www.google.com/maps/place/?q=place_id:ChIJrVPlSy0R5TQRmNvUAaIIEzE,205,4.3
124,Japan,Okinawa,Kurashiki Dam,"월, 화, 수, 목, 금, 토, 일: 8:00 AM – 9:00 PM",,,,국제전화번호: +81 98-938-9325 홈페이지: https://www.pref.okinawa.jp/site/doboku/doboku-chubu/kurashiki-sisetsu.html#%E5%B1%95%E6%9C%9B%E3%82%BF%E3%83%AF%E3%83%BC,https://www.google.com/maps/place/?q=place_id:ChIJ1eaInSsQ5TQRXRBP4q2x6S0,205,4.1
125,Japan,Okinawa,Yambaru Wildlife Conservation Center Ufugi Nature Museum Center,알 수 없음,,,,국제전화번호: +81 980-50-1025 홈페이지: https://www.ufugi-yambaru.com/,https://www.google.com/maps/place/?q=place_id:ChIJgwQwBW5D5DQRpArq5N7pFYM,204,4
126,Japan,Okinawa,Kaneku Seaside Park,"월, 화, 수, 목, 금, 토, 일: Open 24 hours",,,,국제전화번호: +81 98-956-1111 홈페이지: http://www.town.kadena.okinawa.jp/facility/shi47.html,https://www.google.com/maps/place/?q=place_id:ChIJ6w4S2usT5TQRXnIe-f3H6cc,204,4.1
127,Japan,Okinawa,Okinawa Comprehensive Park Playground,"월, 수, 목, 금, 토, 일: 6:00 AM – 6:00 PM; 화: Closed",,,,국제전화번호: +81 98-932-5114 홈페이지: http://okinawa-kenso.com/?page_id=10,https://www.google.com/maps/place/?q=place_id:ChIJybq-V54N5TQRoQYgLiCRKws,203,4.7
128,Japan,Okinawa,Naha City Museum of History,"월, 화, 수, 금, 토, 일: 10:00 AM – 7:00 PM; 목: Closed",,,,국제전화번호: +81 98-869-5266 홈페이지: http://www.rekishi-archive.city.naha.okinawa.jp/,https://www.google.com/maps/place/?q=place_id:ChIJH8bvxZ1p5TQRWI5FvZUnynU,201,3.8
129,Japan,Okinawa,Kukuru Yomitan Circuit,"Monday: Closed; 화, 수, 목, 금, 토, 일: 10:00 AM – 5:00 PM",,,,국제전화번호: +81 98-958-7702 홈페이지: https://www.scuderia-okinawa.jp/,https://www.google.com/maps/place/?q=place_id:ChIJl1d0-80W5TQRv-JAB7eng8w,195,4.5
130,Japan,Okinawa,Moon Beach,알 수 없음,,,, ,https://www.google.com/maps/place/?q=place_id:ChIJT50NH7Ya5TQR_UYRbmGwOEU,184,4.1
131,Japan,Okinawa,Todoroki Waterfall Park,"월, 화, 수, 목, 금, 토, 일: 9:00 AM – 6:00 PM",,,,국제전화번호: +81 980-43-9299 ,https://www.google.com/maps/place/?q=place_id:ChIJP3pAPWVV5DQRCgyjtAoPSvM,180,4.1
132,Japan,Okinawa,Wonder Museum,"월, 수, 목, 금, 토, 일: 9:30 AM – 5:30 PM; 화: Closed",,,,국제전화번호: +81 98-933-4190 홈페이지: https://www.okzm.jp/park/wonder/,https://www.google.com/maps/place/?q=place_id:ChIJq2McfnQS5TQRvsWPqJ-UtO8,174,4.5
133,Japan,Okinawa,Haebaru Cultural Center,"월, 화, 목, 금, 토, 일: 9:00 AM – 6:00 PM; 수: Closed",,,,국제전화번호: +81 98-889-7399 홈페이지: http://www.town.haebaru.lg.jp/docs/2013022800327/,https://www.google.com/maps/place/?q=place_id:ChIJJ9b2ys5u5TQRHx8b9orsBpE,170,4.2
134,Japan,Okinawa,Ie Beach,"월, 화, 수, 목, 금, 토, 일: Open 24 hours",,,,국제전화번호: +81 980-49-5247 홈페이지: http://www.iejima.org/document/2014121700044/,https://www.google.com/maps/place/?q=place_id:ChIJKwuUsd765DQRM6LNooYg3Bk,166,4.4
135,Japan,Okinawa,만코(Lake Man),알 수 없음,,,, ,https://www.google.com/maps/place/?q=place_id:ChIJrx7w2Adp5TQRqDxqpGUkY1U,165,4.5
136,Japan,Okinawa,Stairway to Heaven,"월, 화, 수, 목, 금, 토, 일: Open 24 hours",,,,국제전화번호: +81 90-7399-6084 홈페이지: https://stairwaytoheavenok.wixsite.com/okinawa-stairway-to,https://www.google.com/maps/place/?q=place_id:ChIJ3Y2-jfoS5TQRFZMAH13f0cM,160,4.5
137,Japan,Okinawa,Mollyfantasy Okinawa Rycom,"월, 화, 수, 목, 금, 토, 일: 9:00 AM – 10:00 PM",,,,국제전화번호: +81 70-3100-4082 홈페이지: https://www.fantasy.co.jp/molly-fantasy/,https://www.google.com/maps/place/?q=place_id:ChIJ6Rl79mIS5TQRLy8DGeUFQl8,159,3.6
138,Japan,Okinawa,코키 비치(Koki Beach),알 수 없음,,,,국제전화번호: +81 980-54-2567 홈페이지: http://www.city.nago.okinawa.jp/,https://www.google.com/maps/place/?q=place_id:ChIJ8z5qKCQA5TQRPeyrp1Rd5mU,158,4.4
139,Japan,Okinawa,Ishikawa Kogen Observatory,알 수 없음,,,, 홈페이지: http://www.city.uruma.lg.jp/index.php,https://www.google.com/maps/place/?q=place_id:ChIJVTVoRhMQ5TQRLoj3i5MctoU,157,4.3
140,Japan,Okinawa,소노향우타키 석문(Sonohyan-utaki Ishimon (Stone gate of the Sonohyan Shrine)),"월, 화, 수, 목, 금, 토, 일: Open 24 hours",,,,국제전화번호: +81 98-886-2020 홈페이지: https://www.okinawastory.jp/feature/heritage/sonohyanutaki_ishimon,https://www.google.com/maps/place/?q=place_id:ChIJLQ4qxv1r5TQRyewui1iW3ac,154,4.2
141,Japan,Okinawa,Fuchaku Beach,알 수 없음,,,,국제전화번호: +81 98-966-1280 ,https://www.google.com/maps/place/?q=place_id:ChIJIRf8ucwa5TQRXgj_t6x6cIM,151,4.1
142,Japan,Okinawa,Urasoe Gusuku and Youdore Museum,"Monday: Closed; 화, 수, 목, 금, 토, 일: 9:00 AM – 5:00 PM",,,,국제전화번호: +81 98-874-9345 홈페이지: https://www.city.urasoe.lg.jp/article?articleId=609e78e23d59ae2434bfe4c6,https://www.google.com/maps/place/?q=place_id:ChIJ8QUyp35s5TQRQ3lwjzV-aes,148,4.3
143,Japan,Okinawa,안경명성 터(Agena Castle Ruins),"월, 화, 수, 목, 금, 토, 일: Open 24 hours",,,, 홈페이지: https://www.city.uruma.lg.jp/sp/bunka/2399,https://www.google.com/maps/place/?q=place_id:ChIJq2tbAKoP5TQRycycXHfwHa0,145,3.9
144,Japan,Okinawa,Yuntanza Historical Museum,"월, 화, 목, 금, 토, 일: 9:00 AM – 6:00 PM; 수: Closed",,,,국제전화번호: +81 98-958-3141 홈페이지: http://www.yuntanza-museum.jp/,https://www.google.com/maps/place/?q=place_id:ChIJ_1tOVSAR5TQRkSlmQ8tAi44,141,4.1
145,Japan,Okinawa,기노완시립박물관(Ginowan City Museum),"월, 수, 목, 금, 토, 일: 9:00 AM – 5:00 PM; 화: Closed",,,,국제전화번호: +81 98-870-9317 홈페이지: https://www.city.ginowan.lg.jp/soshiki/kyoiku/1/2/index.html,https://www.google.com/maps/place/?q=place_id:ChIJE0JFGr5s5TQRw092vbGk1IM,141,4.1
146,Japan,Okinawa,Onna Village Museum,"Monday: Closed; 화, 수, 목, 금, 토, 일: 9:00 AM – 5:00 PM",,,,국제전화번호: +81 98-982-5112 홈페이지: https://www.onna-culture.jp/,https://www.google.com/maps/place/?q=place_id:ChIJ1cPkKKca5TQR7IKgQlZeP7s,138,4.2
147,Japan,Okinawa,The Yanbaru Forest Toy Museum,"월, 화, 수, 금, 토, 일: 10:00 AM – 4:00 PM; 목: Closed",,,,국제전화번호: +81 980-50-1022 홈페이지: https://www.kunigami-forest-park.org/toy_museum/,https://www.google.com/maps/place/?q=place_id:ChIJjz7UhaBD5DQRMv-kNkofi0U,134,4.5
148,Japan,Okinawa,Shimuku Gama Cave,"월, 화, 수, 목, 금, 토, 일: Open 24 hours",,,, 홈페이지: https://www.yomitan-kankou.jp/tourist/watch/1611319972/,https://www.google.com/maps/place/?q=place_id:ChIJNXlp0TER5TQR6QISn8ZCDxk,122,4.3
149,Japan,Okinawa,환회문,"월, 화, 수, 목, 금, 토, 일: 오전 8:00 ~ 오후 6:30",,,,국제전화번호: +81 98-886-2020 홈페이지: http://oki-park.jp/shurijo/guide/52#a03,https://www.google.com/maps/place/?q=place_id:ChIJ17crxf1r5TQR7ZXVN8ln_34,117,4.3
150,Japan,Okinawa,Okinawa Comprehensive Park Water Park,"월, 화, 수, 목, 금: Closed; 토, 일: 9:30 AM – 5:00 PM",,,,국제전화번호: +81 98-932-5114 홈페이지: http://okinawa-kenso.com/?page_id=160,https://www.google.com/maps/place/?q=place_id:ChIJgW_wLZ8N5TQRFMLNCbuSJgU,113,4.3
151,Japan,Okinawa,Fukutsukan,"월, 화: Closed; 수, 목, 금, 토: 10:00 AM – 5:00 PM; 일: 9:00 AM – 5:00 PM",,,,국제전화번호: +81 98-943-8374 홈페이지: http://senaga-kamejiro.com/,https://www.google.com/maps/place/?q=place_id:ChIJpxidboRp5TQRBjntI6wKqD8,109,4.4
152,Japan,Okinawa,슈레이몬(旧首里城守礼門),"월, 화, 수, 목, 금, 토, 일: Open 24 hours",,,,국제전화번호: +81 98-886-2020 홈페이지: https://oki-park.jp/shurijo/shuri-aruki/siseki/2014/01/post.html,https://maps.app.goo.gl/BPMbdyZNt1D4Y9vV6,1607,4.3
153,Japan,Okinawa,해중도로,"월, 화, 수, 목, 금, 토, 일: Open 24 hours",,,,,https://maps.app.goo.gl/uU2a7zqkxHc8hLgTA,795,4.4
154,Japan,Okinawa,"요미탄 도자기 마을",,,,,,https://maps.app.goo.gl/ASzvYEM6opKVRu6Y6,2016,
155,Japan,Okinawa,잔파미사키 등대,,,,,,https://maps.app.goo.gl/kgRYJHWJE9HY7zLv9,4125,
156,Japan,Okinawa,국제 거리,,,,,,https://maps.app.goo.gl/Lvmixr1ETgrhY1Cv6,20404,